timestamp, ax, ay, az, gx, gy, gz
0, -833, -12064, 9859, 930, -2498, -404
10, -716, -12066, 9828, 888, -2484, -302
20, -780, -11979, 9673, 913, -2614, -186
30, -864, -11950, 9737, 946, -2773, -212
40, -829, -11725, 9620, 1066, -3041, -171
50, -785, -11224, 9212, 1112, -3345, 97
60, -757, -10999, 9063, 957, -3461, 270
70, -713, -10900, 8895, 807, -3584, 457
80, -464, -10594, 8478, 564, -3990, 852
90, -314, -10601, 8217, 428, -4217, 1063
100, -229, -10672, 8065, 220, -4379, 1298
110, -126, -11031, 7969, -122, -4516, 1695
120, -205, -11770, 7828, 272, -5354, 2070
130, -278, -11750, 7696, 545, -5614, 2098
140, -670, -11647, 7408, 794, -5802, 2155
150, -782, -11549, 7093, 1268, -5999, 2317
160, -969, -11405, 6745, 1328, -5987, 2376
170, -1313, -11248, 6527, 1156, -5944, 2302
180, -1952, -10754, 6058, 482, -5744, 1983
190, -2187, -10473, 5941, 98, -5691, 1616
200, -2350, -10035, 5788, -147, -5758, 1157
210, -2579, -9294, 5493, 47, -6512, 179
220, -2667, -8886, 5033, 681, -7227, -290
230, -2758, -8444, 4285, 1363, -7896, -726
240, -3106, -7687, 3159, 1780, -8308, -1382
250, -3641, -7458, 2619, 1507, -8091, -1595
260, -4240, -7489, 2483, 929, -7720, -1797
270, -5527, -7897, 2968, -121, -7454, -2603
280, -6026, -8215, 3156, 291, -7668, -3048
290, -6442, -8282, 3003, 1250, -8138, -3741
300, -6767, -7985, 2568, 2333, -8779, -4755
310, -6825, -7115, 1257, 3714, -9393, -6764
320, -6780, -6463, 628, 4102, -9201, -7723
330, -6703, -5705, 88, 4393, -8872, -8750
340, -5661, -4922, -328, 5149, -7821, -11029
350, -4994, -4359, -249, 6307, -7456, -12833
360, -4299, -3700, -546, 8388, -7358, -14704
370, -2901, -2864, -716, 11460, -7133, -16082
380, 251, 665, -2041, 18820, -5266, -17732
390, 1316, 2003, -2060, 22079, -3642, -17971
400, 1083, 3400, -2203, 24036, -1484, -17874
410, -668, 2982, 3945, 22434, 5078, -16650
420, -1047, 1637, 9548, 20694, 9784, -15577
430, -1761, 1461, 16065, 19071, 14408, -14850
440, -2467, 2834, 21886, 17132, 17313, -14286
450, 2225, 3963, 31221, 11276, 18061, -10044
460, 3274, 3448, 32764, 8356, 16468, -7532
470, 5026, 1552, 32764, 7925, 12166, -5173
480, 10235, -2247, 32700, 14877, -695, -1671
490, 13707, -3169, 28310, 17491, -5511, -1512
500, 16425, -1734, 23701, 17345, -7616, -1783
510, 18402, -727, 16453, 10400, -5732, 1965
520, 18260, -2208, 14730, 5954, -3766, 5094
530, 18857, -4277, 14984, 3195, -2061, 7528
540, 28882, -7890, 28119, 2931, -1471, 8004
550, 32748, 635, 32764, 3483, -4013, 7813
560, 32748, -8758, 32764, 17276, -13467, -104
570, 32748, 28346, 32764, 30406, -8186, -6675
580, 23876, 27332, 32764, -20801, 31747, 6923
590, -32764, 31086, 32764, -32091, 12286, 10529
600, -32764, 32748, -32748, -32766, -25098, 10402
610, 32748, -32764, -32691, 23377, -7493, 18897
620, 10460, 13304, 32764, 798, 32071, 3529
630, -32764, 14263, 32764, -32359, 32749, -8605
640, 32576, -31411, 19774, 2269, -22917, 9544
650, 32748, -9405, -25373, 9460, -28242, 8989
660, 24159, -1368, -32640, 6133, -3, 2200
670, 164, -2438, -14617, -650, 20719, -7480
680, 22235, -6087, 32341, -13608, 22128, -1663
690, 32548, -5466, 32764, -4061, 16388, 2115
700, 19313, 1071, 6718, 13163, -8114, -2503
710, 13723, 2198, -2378, 11673, -9504, -5017
720, 5460, -852, -2847, 5153, -4341, -8458
730, -2729, -7099, 23753, -12636, 6907, -4163
740, 4308, -11072, 31818, -8291, 7304, -447
750, 4728, -10111, 24665, 3397, 228, -1623
760, -237, -4102, 11826, 12216, -5092, -4029
770, 1720, -1890, 10387, 9468, -3131, -1803
780, 4796, -286, 10798, 4634, -1739, 173
790, 7125, -882, 13335, -428, -1343, 1370
800, 9103, -4603, 15777, -1563, -1425, 1330
810, 8737, -3263, 16064, 1238, -1816, -318
820, 6122, -4898, 14096, 3097, -2596, -2070
830, 9321, -3621, 16707, 4020, -2799, -951
840, 7578, -2863, 16174, 4678, -3214, -582
850, 3730, -2330, 11568, 4401, -4164, -86
860, 7040, -2041, 10395, -1161, -4788, 2259
870, 10621, -3785, 13052, -2560, -3697, 2143
880, 10962, -5020, 14268, -1562, -2421, 800
890, 10283, -6087, 14740, 7, -1330, -106
900, 8168, -7395, 19257, 511, 363, -810
910, 5725, -6205, 18377, 1911, -673, -1862
920, 2570, -3151, 14481, 3158, -2263, -2344
930, 4050, -783, 10466, 3037, -3469, -1218
940, 6868, -4572, 16754, -1858, 4730, 1043
950, 7157, -8080, 17261, -2107, 1999, 1299
960, 7009, -8561, 16349, -857, 627, 829
970, 6613, -7665, 15393, 352, -494, 28
980, 6347, -5037, 13826, 1791, -1846, -1186
990, 7247, -3811, 14218, 1804, -1889, -1143
timestamp, ax, ay, az, gx, gy, gz
0, 4567, -14978, 4492, 1503, -3911, -1452
10, 4499, -14752, 4644, 1859, -3783, -1797
20, 4404, -14518, 4766, 2512, -3711, -2065
30, 4014, -13880, 4928, 4189, -3442, -2459
40, 3631, -13408, 5000, 4967, -3271, -2612
50, 3254, -12918, 5074, 5553, -3123, -2717
60, 2655, -12344, 5111, 5925, -3088, -2891
70, 1620, -11238, 4700, 5867, -3377, -3092
80, 1206, -10712, 4441, 5508, -3515, -3146
90, 895, -10245, 4174, 4934, -3537, -3210
100, 729, -9229, 3976, 3775, -3484, -3584
110, 920, -8571, 3745, 3528, -3521, -3707
120, 1167, -8122, 3621, 3521, -3610, -3707
130, 1639, -7925, 3583, 3781, -3597, -3484
140, 2252, -7705, 3590, 5136, -3719, -3138
150, 2728, -7846, 3633, 6048, -3852, -2870
160, 2959, -8153, 3766, 6925, -4021, -2588
170, 3424, -9075, 4253, 8415, -5103, -2187
180, 3649, -9828, 4578, 9394, -5898, -2035
190, 4115, -11392, 5364, 13066, -7710, -2054
200, 3800, -11395, 5373, 15461, -8697, -2521
210, 3545, -11470, 5205, 17563, -9563, -2633
220, 3095, -12537, 5111, 19457, -10180, -2926
230, 2200, -12253, 5859, 21556, -10226, -5687
240, 1577, -10976, 5886, 22543, -10515, -7262
250, 1145, -9186, 5463, 23202, -10893, -8475
260, -176, -6180, 4195, 22162, -12778, -10763
270, 194, -5282, 2496, 21262, -14373, -11292
280, 411, -4218, 399, 19516, -15708, -11718
290, 1669, -3338, -1683, 13499, -14307, -11257
300, 53, -2560, -1539, 10022, -12246, -10605
310, -926, -2526, -595, 6847, -10801, -9478
320, -1087, -2591, 644, 4772, -10219, -8527
330, -1666, -2257, -612, 5961, -11737, -8754
340, -1078, -1327, -3320, 7608, -12455, -9389
350, -191, -127, -5127, 8172, -11902, -10095
360, -701, 3414, -6534, 6705, -8957, -10411
370, 593, 4479, -7136, 6127, -7889, -9675
380, 1286, 4924, -6987, 6184, -6335, -8795
390, 1762, 5416, -7967, 8403, -4016, -5841
400, 5563, 6006, -10107, 8274, -2599, -2825
410, 10452, 3858, -6084, 5753, 1702, 372
420, 13540, -471, 12911, 4742, 15494, 6724
430, 10461, -3147, 24113, 4754, 20220, 9397
440, 6289, -7227, 32764, 3623, 21353, 12304
450, 11437, -16056, 32764, 3551, 6833, 13641
460, 20716, -13840, 32764, 7134, -4665, 11110
470, 26173, -13185, 25711, 9929, -14008, 8396
480, 32748, -17586, 32760, 8011, -17605, 5864
490, 32748, -20375, 32764, 20130, -421, -25930
500, 32748, 32525, 32764, 32299, 15769, -32733
510, -23174, 32748, 31018, 31057, 23130, -25371
520, 32748, -32764, -9990, -32656, -32711, 32339
530, 32748, -32764, -6386, -29329, -20014, 19440
540, 7223, -32764, -232, 2655, 20565, 1717
550, 14023, 17643, 32764, 7294, 28554, -16160
560, 19565, 32462, 32764, -178, 11875, -6947
570, 26501, 29884, 15302, -10508, 1136, 98
580, 23047, 5589, 6928, -22358, 172, -485
590, 18844, -3942, -12216, -8666, -4066, -2236
600, 16026, -1066, -16829, 1939, -4800, -4276
610, 12177, 2501, -12224, 5838, -734, -5409
620, 11234, 2115, 7330, 9325, 6667, -5211
630, 13893, 2938, 16979, 8585, 8154, -4765
640, 9637, 2414, 22822, -1104, 7187, -2585
650, 6065, 1685, 21142, -3856, 3857, -1527
660, 3734, 520, 14521, -1131, -52, -1324
670, 5840, -4670, 3978, 574, -3331, 328
680, 9372, -6820, 5116, -3234, -3381, 986
690, 11796, -6216, 6932, -1980, -1251, 665
700, 12484, -3943, 9350, 313, 691, -74
710, 12318, -235, 14501, 872, 2701, -1049
720, 13595, 1568, 16602, 1148, 1924, -1318
730, 14998, 1999, 16820, 2106, 426, -1001
740, 15083, 1355, 14175, 2456, -508, -319
750, 13016, 751, 11598, 516, -365, 455
760, 12377, -293, 9653, -1024, 171, 1296
770, 11537, -500, 7595, -1908, 1040, 2056
780, 14434, -2183, 9354, -4324, 4074, 2917
790, 16734, -3093, 12393, -4208, 5297, 2934
800, 17105, -3526, 14349, -3168, 5335, 2160
810, 13150, -3285, 13958, -684, 3048, -463
820, 10938, -4286, 10809, 20, 1038, -1050
830, 10178, -5266, 9035, 308, 159, -1340
840, 8883, -4906, 13016, 602, 1334, -2105
850, 8253, -3629, 15521, 379, 4103, -2898
860, 8344, -2745, 16108, 487, 2492, -3220
870, 11482, -1443, 9583, 3538, -3436, -4105
880, 11637, -952, 9494, 3548, -3084, -3954
890, 12548, -963, 11462, 1542, -1849, -2748
900, 12159, -1112, 11971, 937, -980, -1940
910, 11177, -1483, 11965, 433, -456, -1052
920, 11251, -3465, 13353, -95, -558, 344
930, 11023, -4547, 12811, 619, -1103, 467
940, 11489, -4978, 13241, 1179, -1645, 487
950, 11749, -4505, 12092, 1159, -1438, 23
960, 11550, -3807, 11909, 307, -823, -63
970, 11453, -3288, 12545, -575, -284, 102
980, 11460, -3121, 12882, -642, -106, 222
990, 11688, -2899, 12383, 550, -526, 152
timestamp, ax, ay, az, gx, gy, gz
0, 2531, -11170, 2453, -4711, 4844, 2610
10, 2442, -12193, 3082, -5795, 4784, 2966
20, 2485, -13024, 3664, -6134, 4503, 2947
30, 2503, -14560, 4917, -4685, 3367, 2331
40, 2357, -15330, 5583, -3169, 2437, 1990
50, 2327, -15734, 5607, -1320, 1183, 1708
60, 2545, -15690, 4831, 194, -83, 1477
70, 3259, -15638, 3649, 129, -889, 1077
80, 3216, -15557, 3816, -962, -731, 773
90, 3254, -15561, 4175, -1827, -810, 537
100, 3482, -15588, 4203, -2061, -2342, 39
110, 3820, -15514, 3814, -1938, -3391, -195
120, 5244, -15218, 1834, -2623, -4740, 62
130, 5847, -15551, 1413, -4131, -4490, 657
140, 6068, -16396, 1250, -5858, -4132, 1418
150, 6240, -17379, 1272, -7513, -3915, 2296
160, 6227, -18885, 647, -9610, -3992, 3515
170, 6150, -19371, 665, -10308, -3932, 3815
180, 6094, -19681, 827, -10490, -3967, 3803
190, 6105, -18992, 601, -8663, -4643, 3035
200, 5899, -18159, 463, -7287, -4896, 2641
210, 5852, -17312, 349, -6035, -5044, 2451
220, 6036, -16337, 360, -4991, -5079, 2430
230, 6029, -13912, -166, -2983, -5105, 2955
240, 5899, -12575, -858, -2438, -4787, 3864
250, 5656, -11593, -1290, -2565, -4053, 5104
260, 4704, -9274, -1861, -3942, -2263, 7614
270, 4349, -8372, -1533, -5057, -1314, 8810
280, 3809, -7399, -833, -6074, -528, 9785
290, 3251, -6461, -169, -6543, -151, 10579
300, 2134, -4125, 208, -5537, -321, 11710
310, 887, -2845, -549, -4657, -80, 12455
320, -568, -1883, -1137, -4252, 828, 13639
330, -4883, -1421, -1504, -4307, 3935, 16333
340, -7781, -1694, -1450, -3876, 5351, 17214
350, -12968, -2817, -1818, -755, 6295, 17727
360, -16597, -3595, -2674, 2109, 6307, 17443
370, -20432, -4496, -5107, 5402, 6020, 17155
380, -22173, -6196, -7124, 8391, 6525, 17359
390, -24827, -12002, -9001, 12875, 12660, 18335
400, -26451, -16464, -7677, 13371, 16557, 18037
410, -25843, -20458, -6240, 12659, 19328, 17290
420, -17503, -26697, -8977, 5669, 21901, 13934
430, -11908, -28472, -9578, -985, 23764, 11927
440, -6010, -29821, -8939, -6242, 26931, 10562
450, -6299, -25396, -5335, -7308, 32604, 11111
460, -16426, -24201, -7941, -7086, 31876, 13810
470, -32561, -23693, -11554, -11350, 26751, 17825
480, -32764, -24640, -18074, -19417, 16727, 22878
490, -32764, -5096, -32748, -32618, -22161, 22735
500, -32764, -4292, -32748, -32766, -32333, 19367
510, -19234, -24990, -32748, -32729, -32766, 10968
520, 13472, -16589, -32748, 17531, -17660, 14874
530, 7311, -10726, -32748, 32555, -10348, 6083
540, 1685, -7446, -30399, 32760, -2300, 624
550, 1621, 738, -9489, 9002, 14615, -1222
560, -1790, 468, 292, -9572, 17614, -3508
570, -8012, 3183, 12791, -16004, 18111, -5476
580, -9053, 3914, 13881, -5939, 16710, -4664
590, -11771, 5315, 11882, 5385, 14265, -4344
600, -16674, 7921, 3580, 13452, 11470, -4304
610, -16460, 7092, 8, 15776, 6185, -2177
620, -15263, 5393, -2618, 12752, 4341, -905
630, -14095, 4187, -4025, 8540, 2755, 541
640, -14384, -235, -5391, 652, -1442, 4816
650, -14062, -3701, -6598, -1018, -4520, 7002
660, -13559, -7293, -8756, -1163, -7553, 8151
670, -13415, -12651, -12503, 1665, -9298, 6204
680, -12583, -13463, -11842, 3836, -7699, 4304
690, -12515, -13257, -10499, 6554, -6043, 2381
700, -12973, -12296, -10210, 9232, -5400, 863
710, -13808, -11048, -11583, 10642, -6113, -926
720, -14199, -10368, -11841, 8596, -5807, -1176
730, -15485, -11288, -11163, 5595, -4694, -931
740, -16301, -14091, -7387, 1287, -2162, -1842
750, -15111, -14393, -5550, 776, -1513, -2807
760, -15071, -12744, -6097, 1531, -1793, -4332
770, -14796, -12034, -6372, 1926, -1645, -5028
780, -11761, -10740, -5686, -5105, 19, -2703
790, -12315, -11117, -5167, -3376, -1717, -1069
800, -12277, -11232, -5852, -1481, -2361, 66
810, -13609, -11016, -7326, -280, -2799, 730
820, -11535, -11115, -8797, -630, -1563, 1727
830, -11192, -11054, -8504, -1486, -14, 941
840, -10766, -10455, -7597, -2139, 1568, -98
850, -10037, -9527, -6288, -1438, 3629, -1014
860, -9459, -9327, -5697, -505, 4313, -805
870, -9453, -9146, -5123, 433, 4920, -704
880, -10241, -8677, -4617, 1216, 5399, -728
890, -11917, -7700, -4169, 1881, 5424, 98
900, -12316, -7596, -4217, 1430, 5081, 919
910, -12832, -7863, -4735, 469, 4695, 1661
920, -12717, -8961, -5559, -2575, 3930, 2760
930, -12249, -9774, -5618, -3867, 3591, 3027
940, -11622, -10487, -5555, -4415, 3123, 3094
950, -11129, -10828, -5729, -4058, 2470, 2955
960, -10106, -10779, -6347, -1866, 984, 2164
970, -9830, -10450, -6838, -537, 404, 1670
980, -9836, -10010, -7544, 511, -1, 1106
990, -9870, -8944, -8424, 957, 42, 317
timestamp, ax, ay, az, gx, gy, gz
0, 2575, -10753, 3142, -5456, 3241, 566
10, 2735, -12210, 3175, -4708, 3312, 832
20, 2491, -12952, 3198, -4510, 3430, 974
30, 2083, -13846, 3373, -4442, 3638, 1501
40, 1745, -14846, 3775, -4415, 3878, 2369
50, 214, -16520, 4444, -4074, 3784, 3736
60, -537, -16901, 4562, -3647, 3133, 3884
70, -892, -17012, 4501, -2940, 2105, 3643
80, -454, -16120, 4169, -999, -132, 2354
90, -72, -15323, 3877, 63, -1057, 1595
100, 475, -14532, 3520, 979, -1801, 960
110, 1697, -13314, 2969, 1579, -2200, 502
120, 1979, -12931, 2935, 1569, -1825, 302
130, 2113, -12721, 2887, 1208, -1612, 426
140, 2163, -12934, 2894, 724, -1457, 678
150, 2181, -13708, 2926, -719, -1263, 1250
160, 2361, -14097, 2818, -1518, -1297, 1468
170, 2530, -14386, 2680, -2379, -1330, 1597
180, 2581, -14566, 2639, -3804, -1112, 1968
190, 2790, -14540, 2755, -4106, -935, 2322
200, 3107, -14212, 2914, -3989, -1004, 2521
210, 3641, -13144, 2939, -2068, -2068, 2526
220, 3964, -12752, 2582, -562, -2510, 2915
230, 4107, -12439, 2068, 737, -2488, 3580
240, 3661, -12052, 1091, 1241, -1850, 4295
250, 1620, -11395, 1064, -352, 157, 5561
260, 661, -11167, 1214, -2114, 1351, 6012
270, -959, -11336, 2590, -4612, 2415, 5800
280, -921, -11493, 3196, -4071, 1955, 5422
290, -566, -11375, 3517, -2404, 1152, 4978
300, 194, -10362, 2721, 2140, -389, 3854
310, 383, -9377, 1640, 3820, -1046, 3430
320, 285, -8824, 726, 4284, -1137, 3431
330, -471, -9000, 739, 3743, -514, 3744
340, -6786, -11662, 3436, 4752, 1859, 4759
350, -10381, -14293, 5070, 8288, 3269, 5494
360, -13542, -17010, 6152, 13435, 4660, 5310
370, -17088, -18763, 6321, 22284, 6266, 2453
380, -16633, -17406, 5072, 22672, 6444, 2148
390, -15320, -16582, 4058, 18592, 7434, 2951
400, -15374, -19759, 5522, 10422, 13479, 5463
410, -16663, -23109, 7272, -7948, 16489, 6304
420, -16971, -26863, 9233, -13575, 18298, 6538
430, -15122, -29336, 10227, -15153, 17884, 5804
440, -7694, -29409, 6821, -10267, 11321, 3407
450, -5295, -29644, 3536, -7623, 8700, 3929
460, -4250, -31213, 21, -6050, 8824, 5484
470, -4055, -32720, -987, -6243, 11487, 7124
480, -10342, -32675, -1264, -12574, 13099, 9541
490, -15249, -32560, -4303, -17633, 8359, 13124
500, -20090, -32173, -13288, -22769, 1456, 16899
510, -28411, -29829, -15065, -27665, -5262, 16324
520, -31412, -24564, -15043, -23683, -4265, 11614
530, -31714, -16514, -16365, -15320, -6190, 6099
540, -22901, -1870, -21119, 3772, -19326, 2009
550, -19278, 1769, -25100, 9601, -23940, 3172
560, -17443, 4167, -28393, 10381, -24409, 5100
570, -12255, -530, -25569, 68, -15287, 7851
580, -11210, -4381, -20639, -4060, -7627, 8066
590, -12441, -7021, -15253, -4264, 281, 7719
600, -13957, -9869, -7022, 1495, 9022, 6895
610, -13352, -10533, -4571, 5239, 10432, 5895
620, -13044, -10385, -3856, 8500, 10973, 4885
630, -13787, -9568, -4035, 9703, 11360, 4193
640, -14497, -9387, -4229, 4798, 12335, 3503
650, -15169, -9126, -4325, -196, 12450, 3197
660, -15626, -9260, -4473, -5732, 12155, 2605
670, -14545, -9829, -3465, -14427, 10842, -232
680, -13109, -9543, -2994, -15471, 10122, -1388
690, -11654, -9515, -2386, -14275, 9697, -1873
700, -10685, -8752, -6049, 719, 5881, -1976
710, -10595, -8669, -6568, 211, 6099, -2536
720, -10834, -8357, -5657, -1342, 7058, -4361
730, -10738, -8036, -5459, -779, 6902, -5033
740, -10573, -7601, -5725, 399, 6313, -5404
750, -10191, -7219, -7053, 2394, 5010, -4919
760, -10202, -7659, -7310, 2526, 5114, -4220
770, -10307, -8336, -7056, 2213, 5777, -3515
780, -10950, -8993, -6222, 1851, 6556, -3104
790, -11856, -9820, -5008, 2818, 6435, -2611
800, -11690, -9907, -5221, 3701, 5877, -2111
810, -11107, -9957, -5549, 3996, 5432, -1396
820, -9507, -10937, -5613, 2387, 4872, 337
830, -8484, -11928, -5371, 1141, 4463, 1410
840, -7364, -13174, -5399, -4, 3957, 2397
850, -5428, -15213, -4878, -1158, 2310, 3240
860, -4839, -15843, -5295, -846, 1294, 3206
870, -4196, -16214, -5845, -287, 131, 3000
880, -3536, -16182, -6412, 237, -555, 2695
890, -2745, -15874, -6265, 828, -25, 1881
900, -3277, -15343, -6069, 1221, 436, 1371
910, -3904, -14869, -5821, 1568, 498, 986
920, -4799, -14083, -5913, 1917, -676, 316
930, -5408, -13457, -6086, 1774, -1198, -26
940, -6819, -12080, -6219, 935, -1326, -466
950, -7516, -11513, -6207, 520, -1178, -589
960, -8263, -11118, -6165, 294, -1111, -586
970, -8947, -10798, -6332, 335, -1204, -384
980, -9759, -10367, -6839, 483, -1518, 517
990, -10027, -10531, -6914, 349, -1478, 1011
timestamp, ax, ay, az, gx, gy, gz
0, -47, -12270, 6394, -2381, -5323, 3383
10, -778, -12026, 6446, -1707, -5572, 3190
20, -999, -11118, 6031, -896, -6238, 2780
30, -436, -9149, 5247, -557, -8031, 2122
40, 324, -8576, 4922, -791, -8644, 2138
50, 1340, -8256, 4517, -1140, -9069, 2170
60, 3197, -7752, 4260, -2499, -9019, 2010
70, 3305, -7927, 4839, -3104, -8658, 1786
80, 3379, -8223, 5560, -2832, -8526, 1470
90, 3844, -8512, 5621, -1395, -9046, 1064
100, 5468, -9670, 4125, 2697, -9469, 229
110, 5415, -10391, 3292, 3946, -8747, -204
120, 5040, -10851, 2467, 3837, -8047, -768
130, 4994, -12505, 2951, 2360, -7714, -2993
140, 5410, -13371, 4374, -197, -7610, -4347
150, 5701, -14080, 5410, 936, -7519, -5851
160, 6608, -14547, 6357, 6408, -8184, -8647
170, 7329, -14700, 6186, 8983, -8317, -9585
180, 8148, -15118, 6507, 10139, -7547, -10152
190, 10498, -17104, 10731, 8010, -4533, -11099
200, 12259, -18690, 13715, 6039, -3658, -11313
210, 15764, -20533, 16077, 4486, -4602, -11348
220, 20927, -21873, 17692, 3643, -7507, -11743
230, 28664, -20381, 14215, 4677, -15105, -13073
240, 29591, -18353, 11444, 5257, -15631, -13034
250, 27835, -16155, 9214, 5329, -13781, -12531
260, 25518, -24167, 8165, 3536, -7644, -10278
270, 29156, -31980, 10841, 925, -6244, -8471
280, 32254, -32764, 13067, -453, -7045, -9370
290, 32748, -32764, 14441, -142, -10657, -12241
300, 23197, -32764, 13254, 4766, -18324, -24679
310, 16866, -27185, 8236, 7264, -23096, -28828
320, 12057, -19274, 3248, 6737, -27666, -29472
330, 2141, -3700, -1364, 2131, -27675, -27873
340, -3312, 3932, -2692, 890, -24159, -27424
350, -7395, 10701, -4676, -77, -21078, -26158
360, -1258, 13106, -12398, -1770, -24049, -18966
370, 7033, 8857, -16081, -3530, -28539, -12477
380, 15709, 3059, -18319, -5633, -30504, -6642
390, 21340, -1869, -20883, -6723, -27859, -3994
400, 18110, -1172, -22137, -6684, -24653, -5337
410, 17147, -773, -24500, -7195, -21516, -6320
420, 15800, 89, -25573, -9220, -15721, -8435
430, 14219, 853, -22797, -8414, -11310, -9509
440, 11985, 2430, -18988, -5239, -6484, -11151
450, 7296, 7487, -15439, -299, -2705, -13128
460, 5890, 10026, -15370, 6857, 260, -14304
470, 6178, 11742, -16474, 6479, 981, -12496
480, 8030, 11782, -17912, 2898, 2216, -9570
490, 13069, 7522, -13811, -10147, 5688, -5184
500, 15066, 6251, -10402, -14138, 6714, -5212
510, 15792, 5395, -7869, -14782, 7093, -6220
520, 16643, 6984, -6504, -10038, 6455, -7748
530, 16659, 7827, -7403, -7426, 5777, -7637
540, 16627, 8628, -7323, -6202, 5542, -6835
550, 15677, 9312, -4909, -5991, 5773, -4770
560, 15253, 9504, -4186, -5824, 5956, -3789
570, 14992, 9569, -4241, -6127, 6078, -2713
580, 14682, 8782, -3990, -7016, 5957, -1394
590, 14920, 5551, -2499, -8773, 5263, 1602
600, 15323, 3549, -1513, -8854, 4771, 2346
610, 17434, 1358, -1098, -1641, 1692, -9
620, 17263, 1474, -1045, -398, 1563, -342
630, 17050, 1663, -1329, 470, 1439, -419
640, 16472, 1755, -1335, -51, 993, -40
650, 16202, 1482, -1194, -811, 497, 186
660, 15997, 1079, -1216, -1405, -287, 408
670, 16362, 329, -2385, -1296, -1760, 562
680, 16632, 189, -3254, -792, -2091, 485
690, 16718, 88, -4030, -341, -2047, 403
700, 16655, -454, -4453, -118, -1705, 379
710, 16618, -678, -4259, 209, -909, 104
720, 16606, -766, -4104, 681, -830, -133
730, 16592, -694, -4100, 1321, -772, -327
740, 16417, -246, -4314, 1593, -464, -418
750, 16299, -187, -4366, 1055, -198, -408
760, 16292, -219, -4236, 184, 126, -446
770, 16116, -239, -3735, -730, 400, -597
780, 15528, -233, -2760, -1116, 417, -1039
790, 15379, 27, -2411, -499, 100, -1382
800, 15190, 598, -2377, 487, -410, -1793
810, 15228, 1909, -3051, 2192, -1202, -2316
820, 15191, 2395, -3356, 2387, -1471, -2487
830, 15278, 2692, -3780, 2247, -1723, -2491
840, 15980, 3031, -4442, 1052, -1869, -2205
850, 16145, 2998, -4442, 583, -1678, -2116
860, 16128, 3000, -4173, 222, -1473, -2046
870, 15678, 3169, -4181, 620, -1582, -1736
880, 15526, 3189, -4594, 921, -1699, -1418
890, 15567, 3154, -5062, 948, -1703, -1045
900, 15736, 2689, -5403, 189, -1332, -613
910, 15894, 2442, -5272, -69, -1067, -571
920, 15914, 2205, -5144, -71, -767, -579
930, 15630, 2039, -4597, 335, -71, -773
940, 15287, 2046, -4372, 475, 64, -944
950, 15052, 2030, -4341, 434, -2, -1021
960, 15209, 2112, -4499, 149, -254, -993
970, 15880, 1964, -4604, -923, -184, -872
980, 16009, 1920, -4253, -1309, 139, -844
990, 15908, 1907, -3791, -1390, 381, -867
timestamp, ax, ay, az, gx, gy, gz
0, 4011, -12704, 6428, 976, -2564, 1336
10, 3986, -12628, 6173, 879, -2584, 1503
20, 3538, -12753, 6249, 213, -2490, 1704
30, 3533, -12794, 6173, 29, -2510, 1736
40, 3545, -12664, 6071, -107, -2532, 1696
50, 3594, -12539, 5987, -291, -2548, 1534
60, 3704, -12551, 6010, -232, -2474, 1500
70, 3742, -12550, 6041, -66, -2334, 1498
80, 3689, -12571, 6242, 455, -2054, 1473
90, 3638, -12612, 6385, 831, -1943, 1467
100, 3456, -12526, 6337, 1549, -1745, 1338
110, 3515, -12428, 6296, 1662, -1577, 1293
120, 3504, -12396, 6403, 1513, -1317, 1252
130, 3401, -12465, 6613, 1283, -1053, 1214
140, 3233, -12577, 6839, 961, -795, 1237
150, 3020, -12661, 6886, 871, -785, 1242
160, 2950, -12753, 6870, 794, -777, 1260
170, 2720, -12806, 6803, 906, -693, 1242
180, 2590, -12728, 6664, 951, -558, 1233
190, 2369, -12672, 6570, 842, -484, 1176
200, 2113, -12496, 6385, 592, -509, 1095
210, 1746, -12182, 6015, -23, -577, 1207
220, 1497, -11934, 5825, -403, -493, 1280
230, 1248, -11545, 5485, -707, -513, 1369
240, 1042, -11014, 4351, -1073, -548, 1601
250, 352, -10161, 3806, -2310, -383, 2588
260, -13, -9928, 3464, -2825, -219, 3359
270, -262, -9927, 3239, -2954, 38, 4108
280, -710, -9769, 2583, -2158, 899, 5031
290, -918, -9176, 1871, -1451, 1232, 5294
300, -856, -8393, 1212, -901, 1428, 5673
310, -83, -7943, 1687, 225, 2289, 6790
320, 20, -8398, 2443, 1650, 3289, 7428
330, -121, -8653, 3161, 3428, 4263, 7791
340, -1234, -8530, 4117, 5750, 3872, 7409
350, -1450, -8538, 4446, 5743, 2292, 7049
360, -1023, -8657, 4514, 5213, -144, 6605
370, 625, -8360, 3560, 3930, -7349, 4890
380, 2364, -7988, 2235, 3781, -11648, 4107
390, 4520, -8057, 935, 3706, -15887, 3561
400, 6649, -8439, 322, 3871, -19454, 3118
410, 6354, -9054, 2718, 6048, -24780, 1884
420, 3746, -9615, 4242, 8848, -27917, 2014
430, 1662, -11232, 4700, 12300, -31351, 3563
440, 1617, -17058, 3395, 15083, -32766, 7306
450, 2801, -20058, 3293, 13466, -32766, 7883
460, 5827, -22979, 4283, 11214, -32767, 8879
470, 10963, -24811, 1260, 9913, -32766, 10495
480, 17506, -23059, 230, 13726, -32766, 13110
490, 16623, -25704, 1763, 25084, -32767, 17017
500, 14551, -27997, 1320, 32546, -32037, 21961
510, 11198, -23869, 400, 32727, 1192, 19678
520, 4584, -18361, 7625, 25260, 22871, 9643
530, -8992, -14875, 25625, 3893, 32408, -3254
540, -25118, -8281, 32764, -1816, 21024, -9216
550, -18674, -3945, 32764, 10430, -244, -2711
560, -11019, -1088, 22893, 17728, -20059, 961
570, 4727, -25, -5577, 11281, -18468, 11997
580, 3464, -1487, -549, 7117, -13911, 12196
590, 4238, -4717, 6476, 7297, -14007, 9800
600, 5626, -4514, 5665, 9987, -16351, 6838
610, 5630, -3082, 3308, 11311, -17995, 3571
620, 9773, -1410, 1268, 9249, -14718, 3162
630, 13777, -2928, -672, 6129, -9640, 5344
640, 17152, -6982, 140, -205, -2447, 7066
650, 18201, -13190, 7694, -7700, 4991, 6671
660, 13717, -23276, 22348, -10964, 12481, 227
670, 12337, -23455, 22200, -8233, 8748, -6993
680, 20609, -28062, 25504, -4681, 1897, -15158
690, 32748, -32764, 32764, 1118, 2079, -25573
700, 32748, -32764, 32764, 501, 14742, -28466
710, 32748, -26792, 32764, -2952, 26851, -27370
720, -14700, 4791, 32764, 6761, 13749, -32767
730, -11546, 14043, 17792, 19634, 1778, -32766
740, 11063, 13195, -7434, 26301, -5078, -32767
750, 32748, 7187, -19874, 25844, -4063, -32767
760, 20346, 25120, -3277, 26224, 6043, -32762
770, -32764, 32748, 2686, 27685, 14220, -23372
780, -32764, 32748, -21385, 18970, 19832, 18516
790, 17871, -32764, 22717, -30448, 9665, 31245
800, 28266, -32764, 32764, -31931, 18317, 12032
810, 29235, -32764, 32764, -9297, 12370, -7391
820, 32748, 4719, 23788, 32433, 4358, -26454
830, 20250, 31936, 17450, 25219, 7525, -30873
840, 16205, 32748, 22146, 10450, 7896, -20908
850, 7190, 14075, 2902, -11190, 6378, 6312
860, 6230, -529, -5146, -18289, 7638, 9002
870, 6519, -8742, -3326, -20110, 12082, 6611
880, 4135, -13432, 4085, -16923, 18735, 3395
890, -2118, -13122, 19822, -9042, 28687, 738
900, -5148, -12706, 25706, -5570, 25994, -1821
910, -6860, -10951, 25940, -2321, 19158, -4451
920, -5727, -6821, 24282, -1342, 7544, -5563
930, -4155, -2609, 21466, 316, 4475, -4372
940, -3145, 747, 17008, 2490, 2162, -2814
950, -676, 2494, 13661, 125, 1594, 534
960, 531, -114, 15169, -3995, 2429, 2304
970, 3043, -3501, 17400, -7771, 3483, 4114
980, 4592, -6253, 18828, -9012, 4016, 4678
990, 1753, -7979, 15808, -5839, 878, 2479
timestamp, ax, ay, az, gx, gy, gz
0, -6434, -5697, 13359, -2624, 1753, -1708
10, -7065, -5484, 11355, -2036, 1703, -1609
20, -7040, -5395, 10263, -2044, 1381, -1754
30, -6520, -5620, 9023, -2350, 90, -2527
40, -6232, -5579, 8913, -1948, -346, -2502
50, -5823, -5543, 8643, -1106, -538, -2121
60, -4873, -5387, 8200, -46, -424, -1602
70, -4188, -5368, 7338, 359, 1809, -1147
80, -4774, -5216, 7193, -785, 3056, -1415
90, -5307, -5012, 7054, -2672, 3468, -1858
100, -5405, -4955, 7239, -4879, 2911, -2363
110, -3415, -5537, 7687, -8101, 403, -2555
120, -1870, -5875, 8272, -8542, -347, -1997
130, -581, -6183, 9098, -7910, -394, -1307
140, 896, -6616, 10294, -3988, 1727, -329
150, 905, -6456, 10341, -1851, 3299, -62
160, 251, -6309, 10406, -426, 4674, 224
170, -2147, -7075, 10923, 105, 5712, 746
180, -3244, -7139, 10538, -505, 5396, 1908
190, -3730, -7289, 10244, -1496, 4006, 2371
200, -3736, -7522, 10407, -2659, 2589, 2567
210, -2917, -8268, 11928, -4057, 1813, 2294
220, -2658, -8841, 13334, -3892, 2481, 1911
230, -2943, -9297, 14390, -2998, 3507, 1696
240, -4418, -8518, 15404, -980, 6707, 1797
250, -6658, -7584, 15962, -1430, 7750, 1754
260, -10933, -6518, 17750, -1649, 5893, -843
270, -11067, -6307, 18501, -720, 4506, -3281
280, -9935, -6247, 18456, -99, 4305, -5452
290, -8302, -5579, 18350, -896, 5069, -6981
300, -6121, -2392, 16207, -6685, 8835, -8431
310, -5382, -1788, 16684, -9883, 9665, -9047
320, -5643, -2178, 17733, -10961, 9903, -9553
330, -5555, -2945, 18510, -6496, 8006, -10444
340, -3006, -2323, 17419, -3381, 5191, -11595
350, 7, -1401, 15135, -2038, 2561, -13024
360, 1887, -925, 13033, -3438, 1517, -13444
370, -302, -1317, 11084, -11792, 5628, -8951
380, -4343, -3479, 11726, -15511, 9337, -6558
390, -8508, -6219, 13059, -16700, 12349, -6089
400, -9827, -8016, 15418, -14737, 14396, -7141
410, -7295, -4685, 18874, -3668, 17544, -11884
420, -10946, -107, 17770, 1482, 18757, -13662
430, -18538, 3233, 14119, 2934, 18287, -13229
440, -26376, -4994, 1886, -8272, 1156, -9069
450, -21569, -17267, -2053, -16590, -13440, -7498
460, -15182, -29081, -2465, -21148, -24639, -6532
470, -13164, -32764, -6798, -13556, -23534, -6218
480, -32764, -32764, -1419, 32592, -28682, -14244
490, -32764, -23337, 1653, 32766, -32026, -11892
500, -32764, -17258, 2534, 32766, -31607, 11469
510, -32764, -24827, 11366, 32301, -20463, 28910
520, -32764, -25298, 14485, 29134, -7606, 31952
530, -26466, -14410, 12184, 21002, -6730, 10775
540, -19382, -12432, 8781, 14214, -4754, 6023
550, -13959, -9430, 7713, 4562, 1698, 4864
560, -12877, -4848, 9516, -4159, 10033, 2538
570, -13293, -1384, 16595, -4190, 18090, -4715
580, -13232, 24, 17544, 2424, 16504, -7223
590, -13142, 2299, 16441, 8656, 12147, -8131
600, -11960, 4493, 12233, 10608, 3813, -6738
610, -12341, 3989, 9929, 6551, 2008, -5700
620, -13033, 2689, 8056, 1565, 1565, -5005
630, -15975, -1191, 8789, -4802, 5061, -3883
640, -18091, -3092, 9222, -4752, 7431, -2678
650, -20110, -4694, 9088, -3716, 8228, -1086
660, -21964, -6492, 8175, -2536, 6938, 864
670, -23461, -10320, 5040, -1912, 945, 4855
680, -21210, -11771, 4326, -3011, -1538, 5349
690, -17806, -12524, 5030, -4126, -2500, 3897
700, -13077, -11774, 7052, -3400, 24, -2430
710, -11805, -9894, 7895, -1378, 1242, -4964
720, -11018, -5573, 7663, 3113, 1468, -5778
730, -10773, -4868, 7511, 3745, 1550, -4566
740, -10342, -5553, 8296, 2974, 2110, -3584
750, -10056, -7250, 10796, 1339, 2669, -3608
760, -9392, -7652, 12186, -1551, 2886, -6421
770, -8967, -7318, 13014, -1616, 2466, -8151
780, -8565, -6591, 13318, -824, 1802, -8780
790, -7216, -6872, 13805, 737, 1237, -7108
800, -7171, -7220, 13973, 1012, 874, -6269
810, -7236, -7257, 14165, 1188, 444, -5919
820, -6673, -7743, 14700, 2306, 57, -6200
830, -6333, -7778, 14562, 3002, 517, -6227
840, -6461, -7539, 14313, 3242, 1481, -6086
850, -7130, -7349, 13882, 2876, 2392, -5855
860, -7628, -6967, 12578, 1203, 1946, -5454
870, -7371, -7134, 11951, 451, 1316, -5164
880, -6862, -7646, 11429, -10, 1162, -4607
890, -6746, -8259, 10557, -572, 2003, -3036
900, -6930, -8682, 10106, -611, 2740, -2078
910, -6988, -9327, 9619, -604, 3521, -1161
920, -7417, -10649, 10121, -347, 4601, -572
930, -7694, -11083, 10389, 516, 4413, -797
940, -7755, -10828, 10390, 1690, 3769, -1240
950, -7800, -9937, 10151, 3245, 2036, -1665
960, -7423, -9592, 10221, 3064, 1457, -1407
970, -7492, -9493, 10306, 2263, 1220, -1092
980, -7917, -10152, 10222, 132, 1202, -439
990, -8278, -10402, 10212, -541, 1213, -563
timestamp, ax, ay, az, gx, gy, gz
0, -2101, -2631, 13170, 5550, 4464, -1909
10, -2261, -1927, 12328, 5364, 4588, -1499
20, -2269, -1383, 12119, 4536, 4078, -1367
30, -1492, -1988, 12134, 2841, 2470, -1279
40, -612, -2553, 12515, 2341, 1615, -1266
50, -38, -2745, 13089, 2438, 1126, -1561
60, 414, -2563, 13618, 3048, 1142, -2122
70, 469, -1728, 14327, 5070, 2636, -3516
80, -92, -1231, 13889, 5512, 3550, -4007
90, -713, -713, 13244, 4828, 3910, -4247
100, -1261, -550, 12270, 530, 2880, -3886
110, -1511, -951, 11618, -1623, 2179, -3275
120, -1524, -1346, 11162, -3202, 1378, -2586
130, -1294, -1740, 11004, -3982, 787, -1994
140, -403, -2834, 11351, -3175, 275, -1710
150, -335, -3103, 11207, -2121, 622, -1893
160, -742, -2882, 10804, -1153, 1372, -2015
170, -2861, -2238, 10195, -290, 2374, -1825
180, -3206, -2084, 9718, -578, 2371, -1027
190, -2944, -2574, 9722, -2132, 2191, 859
200, -2834, -3603, 10790, -2606, 2670, 1622
210, -2862, -4514, 11916, -2300, 3208, 1875
220, -3346, -4873, 12860, -1287, 3928, 1690
230, -4062, -4680, 13892, 1857, 5370, 2131
240, -4567, -4596, 13474, 3470, 6015, 2589
250, -4587, -4257, 12872, 4484, 6460, 2951
260, -3529, -3700, 12432, 3853, 6729, 2286
270, -3278, -3433, 12758, 1824, 6710, 1090
280, -3120, -3439, 13163, -908, 7167, 137
290, -2028, -3518, 14458, -5175, 8453, 668
300, -940, -3913, 14466, -6065, 9060, 1502
310, 296, -4744, 14609, -6262, 9460, 2027
320, 1754, -5507, 14984, -6001, 9557, 2006
330, 3283, -5399, 16698, -4298, 10685, 52
340, 3521, -4813, 17127, -3034, 11651, -957
350, 3843, -4006, 16335, -2167, 12499, -1591
360, 3556, -1862, 14481, -2744, 12737, -3431
370, 2389, -1296, 16198, -9280, 9427, -5064
380, 1164, -1218, 17625, -12221, 7385, -6561
390, -373, -2089, 18452, -13488, 4537, -7520
400, 648, -4398, 20532, -11357, -3386, -5736
410, -4529, -5205, 28352, 6148, -4025, -4760
420, -15315, 2667, 30235, 18443, -97, -13611
430, -19499, 7859, 24996, 20597, -798, -18247
440, -21732, 12948, 21275, 16133, -1843, -20922
450, -23079, 16987, 21434, -464, -3096, -16309
460, -26078, 11904, 20839, -8109, -5116, -9614
470, -29232, 3654, 19245, -15091, -6668, -2219
480, -29750, -3785, 20286, -20236, -8771, 1840
490, -24639, -15006, 31469, -15665, -14239, -4561
500, -28636, -17710, 32764, -2869, -18468, -10770
510, -32285, -18307, 32764, 14640, -27149, -12672
520, -32375, -17138, 32764, 32766, -32766, -4518
530, -31929, -16090, 26244, 32765, -32766, -524
540, -26909, -11122, 18773, 32766, -32767, 1828
550, -19232, -1638, 12383, 32601, -32544, 1741
560, -12976, 4216, -1461, 13908, -13573, 2989
570, -16932, -3561, 4463, -690, 6723, 8610
580, -23680, -10134, 12757, -12167, 25815, 12571
590, -31279, -15568, 24985, -20618, 32615, 6267
600, -28411, -14225, 28555, -16102, 28200, 212
610, -20915, -9697, 25035, -6289, 18599, -3895
620, -6534, 1076, 15500, 9043, 5284, -6868
630, -1843, 7797, 9504, 11821, 4503, -7236
640, 1011, 11329, 5791, 12797, 5002, -8150
650, -1693, 8687, 8091, 11506, 12758, -8602
660, -4887, 6821, 8413, 9874, 17027, -7179
670, -6765, 5414, 7550, 7251, 18169, -6142
680, -10730, 5337, 4140, -1258, 13430, -7883
690, -12510, 5158, 3550, -5586, 11327, -8699
700, -13041, 4382, 4966, -8321, 9506, -8613
710, -11878, 910, 10589, -5632, 5383, -5653
720, -12008, -1842, 15025, -1036, 3438, -3394
730, -12797, -4215, 18563, 4025, 2177, -1203
740, -14227, -5022, 18714, 8570, 487, 797
750, -16823, -3079, 14056, 12196, -4448, 3753
760, -16535, -2295, 11617, 10451, -6426, 3929
770, -15488, -1933, 9918, 6783, -7331, 2988
780, -10825, -2320, 11028, -1449, -6837, -139
790, -9481, -3279, 12322, -3609, -4950, -1481
800, -8662, -3966, 13513, -4222, -2418, -2059
810, -8223, -4280, 14530, -3463, 209, -2356
820, -8503, -2621, 15411, 231, 2549, -3996
830, -8582, -1170, 15645, 2269, 2047, -5139
840, -8853, 104, 15889, 4120, 1230, -6100
850, -10720, 577, 17683, 7256, -1147, -6261
860, -10891, -5, 17785, 8376, -2605, -5246
870, -9806, -317, 16986, 8622, -3995, -4170
880, -6700, -488, 16224, 6411, -5749, -3574
890, -5275, -629, 15771, 4312, -5653, -4002
900, -4336, -459, 15867, 2013, -4622, -4719
910, -5027, -222, 16420, -818, -1908, -6675
920, -5512, -375, 17205, -1098, -1199, -7341
930, -6221, -588, 18006, -704, -1079, -7565
940, -7171, -584, 17662, 214, -1254, -7337
950, -7356, 12, 15923, 1439, -2588, -5599
960, -6605, -34, 14516, 1272, -3275, -4714
970, -5508, -255, 13973, 382, -3451, -4014
980, -4343, -1175, 14451, -1443, -2540, -3505
990, -4299, -1725, 14971, -1814, -1656, -3351
timestamp, ax, ay, az, gx, gy, gz
0, 2579, -4154, 12948, 1410, -2472, -343
10, 3700, -2864, 16905, 5150, -3517, 370
20, 5117, -1159, 19893, 5743, -4856, 1490
30, 6461, 679, 22768, 5181, -6240, 2471
40, 8096, 2293, 25691, 863, -6672, 2289
50, 6880, 2145, 25210, -624, -6298, 1297
60, 5557, 778, 23006, -436, -5602, 374
70, 5115, -903, 19997, 508, -5058, 260
80, 5031, -2187, 15038, 2040, -3890, 819
90, 4654, -2407, 13407, 2611, -3375, 761
100, 3043, -1209, 11094, 2315, -3333, 378
110, 2844, -725, 10875, 1488, -3495, 19
120, 2351, -553, 10705, 339, -3813, -576
130, 1766, -965, 10535, -1185, -4257, -1033
140, 3097, -1641, 10530, -4153, -5446, -1297
150, 3535, -2353, 10260, -5007, -5833, -1730
160, 3207, -3249, 9786, -5273, -5780, -2220
170, 3991, -3919, 9612, -4832, -5219, -2021
180, 4317, -3840, 9822, -4066, -4791, -1982
190, 4462, -3682, 9857, -3068, -4210, -2046
200, 4302, -3140, 9831, -2360, -3765, -2145
210, 3739, -2035, 10593, -2836, -3378, -1866
220, 3847, -1328, 11396, -3728, -3543, -1475
230, 4089, -814, 11893, -4624, -3767, -1288
240, 4070, -1656, 12007, -5752, -4070, -1548
250, 4163, -2307, 11837, -5541, -4407, -1444
260, 4727, -2929, 11784, -4806, -4658, -1130
270, 6247, -3451, 13148, -2984, -4773, -498
280, 6886, -3119, 14339, -1956, -4412, -427
290, 7004, -2161, 15523, -1192, -3923, -620
300, 6637, -996, 16728, -1101, -3218, -992
310, 5453, 195, 18449, -3222, -2315, -1796
320, 3525, -3525, 14248, -6476, -4114, -2167
330, 2744, -5022, 12033, -6104, -4197, -2136
340, 1962, -5167, 11840, -5637, -4030, -2238
350, 1359, -5224, 12584, -5857, -3953, -2227
360, 1512, -4822, 13905, -5927, -3948, -2122
370, 2243, -4466, 16614, -4871, -3457, -2959
380, 2061, -4042, 17206, -4225, -3038, -3579
390, 2521, -3355, 17989, -3510, -2619, -3686
400, 3047, -2510, 19439, -2073, -2693, -2916
410, 4430, -1622, 21035, -2282, -3806, -1742
420, 5454, -415, 22594, -2754, -5385, -409
430, 8470, 2634, 21394, -2517, -6067, 782
440, 10268, 3954, 19570, -1675, -5089, 807
450, 10275, 4717, 18238, -2207, -4736, -732
460, 8894, 5334, 15682, -2902, -4840, -1758
470, 10264, 6858, 11639, -5746, -5624, 1592
480, 13580, 5572, 9857, -5998, -6848, 5760
490, 18075, 3917, 8680, -5162, -8455, 10165
500, 27145, 3369, 8137, -4043, -10716, 17266
510, 32178, 5376, 9470, -4181, -10854, 19007
520, 32748, 6081, 11084, -4587, -11923, 17655
530, 31666, 4321, 11114, -3991, -13775, 12591
540, 10357, -10506, 4940, -2188, -18624, 1978
550, 7153, -18719, 4376, -3071, -24283, 4893
560, 13746, -25498, 1017, 298, -32766, 19942
570, 22572, -23337, -1396, 3698, -32766, 27473
580, 32748, -8540, 2598, 6536, -32766, 30858
590, 32748, 8894, 10580, 7821, -32766, 23250
600, 32748, -7511, 16378, -6728, -32444, -20480
610, 32748, -32764, 3880, -18813, -25073, -32288
620, 32748, -32764, -12957, -26669, -11778, -28522
630, 32748, -32764, -32748, -17120, 2626, 3659
640, 29696, -32764, -32748, -7237, 7324, 14618
650, 29006, -28366, -32748, -1026, 12542, 19737
660, 21177, -14001, -32748, 1013, 14572, 14947
670, 5897, 5824, -29415, 2457, 10229, -1024
680, 2221, 12867, -16101, 2234, 7102, -4915
690, -3342, 13161, -4019, 2125, 4400, -6418
700, -15192, 8924, 9476, 14077, -2220, 3365
710, -9954, 8805, -1311, 23029, -4063, 10646
720, -7213, 5802, -1956, 24128, -2607, 13371
730, -1113, 5636, -490, 23539, -794, 13952
740, 12487, 3787, 551, 21672, -3808, 3194
750, 11678, -831, 2296, 17536, -6059, -6077
760, 9385, -5946, 4966, 13552, -5973, -10855
770, 10666, -8114, 5912, 12376, -6108, -8028
780, 11605, -9299, 3683, 12696, -9017, -5070
790, 12257, -10784, 985, 11070, -11279, -1780
800, 11989, -13580, 2205, 4441, -9601, 5554
810, 14564, -11467, 4429, 3235, -7971, 7735
820, 15350, -9234, 4751, 3476, -7015, 6171
830, 11943, -8479, 4002, 1141, -4039, -2532
840, 10632, -11619, 5262, -694, -3635, -3794
850, 11985, -12206, 5656, 340, -4775, -2087
860, 14331, -10993, 4600, 3698, -5819, -195
870, 16806, -9276, 2973, 4698, -6180, 1166
880, 17853, -9929, 4939, 2166, -4961, 1190
890, 19456, -10594, 7538, -310, -3086, 345
900, 18546, -11678, 10580, -782, 259, -4714
910, 16599, -11804, 10787, 1170, 1889, -6720
920, 15508, -11343, 9905, 3428, 2320, -7318
930, 14678, -10557, 8554, 5103, 1590, -7000
940, 13328, -8132, 7507, 3549, -502, -4522
950, 13257, -6851, 7802, 1121, -1513, -2761
960, 13600, -6002, 8475, -1027, -2418, -1259
970, 12754, -6912, 8210, -1995, -1680, 223
980, 12251, -7505, 6869, -1403, -494, 1259
990, 12880, -8172, 4969, -298, 226, 2687
timestamp, ax, ay, az, gx, gy, gz
0, 4367, -1954, 13908, -148, -5347, 1961
10, 4444, -1921, 13896, -704, -5670, 1933
20, 4254, -1974, 13255, -1919, -6191, 1522
30, 4069, -2092, 12887, -2136, -6078, 1180
40, 3931, -2501, 12105, -2152, -6122, 988
50, 4023, -2688, 11383, -2423, -6381, 1000
60, 3679, -3577, 9888, -2756, -6860, 822
70, 3651, -3653, 9150, -2882, -7011, 828
80, 3048, -3584, 8277, -3245, -7098, 795
90, 3686, -3566, 7798, -4363, -7219, 386
100, 3596, -3807, 7804, -4721, -6932, -173
110, 3510, -4044, 8005, -4737, -6323, -688
120, 1491, -4353, 7588, -4454, -6251, -1327
130, 1276, -3897, 7606, -4542, -7208, -799
140, 1764, -3600, 7190, -4646, -8762, -167
150, 2196, -3913, 6980, -5224, -10376, 246
160, 5080, -4897, 8670, -8798, -13719, 797
170, 5860, -5717, 9629, -9309, -14131, 388
180, 6059, -6309, 10459, -8484, -12863, -210
190, 6202, -6049, 11204, -6675, -10503, -896
200, 4856, -5182, 10435, -1199, -5841, -3054
210, 4248, -4708, 9449, 415, -5089, -4056
220, 5139, -4172, 9411, 190, -5851, -4272
230, 7116, -4225, 11446, -1907, -10011, -5054
240, 8588, -4276, 9924, -7164, -18449, -5674
250, 10518, -5514, 7988, -9259, -17997, -4445
260, 14994, -5661, 6832, -11417, -16392, -3830
270, 14197, -4952, 7413, -10607, -17660, -5013
280, 12436, -3756, 7373, -8664, -17961, -6297
290, 14002, -2599, 8705, -6238, -14205, -4534
300, 18152, -1739, 9809, -5820, -13405, -2551
310, 20026, -1407, 10285, -4389, -13299, -1962
320, 14515, -1111, 9530, -280, -12818, -1874
330, 13146, 3384, 9715, 933, -14064, 789
340, 16553, 9930, 11528, 1984, -16423, 4153
350, 20929, 13153, 14107, 4477, -19124, 5432
360, 19977, 11132, 19848, 9633, -25547, 5576
370, 20979, 8242, 22003, 11520, -26172, 9154
380, 22376, 6340, 19925, 15549, -25164, 13325
390, 27961, 7481, 4886, 23499, -30477, 20358
400, 32748, 3684, -542, 21588, -32740, 23415
410, 32748, -4386, -2807, 16145, -32766, 25020
420, 32748, -16303, -3412, 10443, -32767, 25675
430, 32748, -14492, -5583, 12831, -32767, 22738
440, 32748, -776, -8218, 18703, -32766, 17826
450, 32748, 6369, -9700, 20847, -32767, 12018
460, 24692, -9060, -8267, 11473, -32767, 11743
470, 30621, -28574, -9575, 5286, -32766, 19033
480, 32748, -32764, -18681, 6846, -25051, 32189
490, 25522, -32764, -30606, 11183, -14826, 32748
500, 11232, -32764, -32748, 11761, -6913, 31188
510, -2629, -32567, -32748, 5662, -1290, 27284
520, -32764, -32764, -32748, -2434, 13911, 19475
530, -32764, -18382, -32748, 3151, 16785, 18291
540, -32764, -3314, -32748, 8973, 11920, 19397
550, -32764, 6523, -32132, 11557, -1202, 20652
560, -11446, 22266, 3159, 10608, -23048, 21143
570, -2507, 24062, 17542, 11123, -21523, 12554
580, -3847, 19736, 25577, 10029, -14864, 2836
590, -12170, 5892, 16970, 9650, 4178, -6336
600, -11834, 2217, 1926, 13986, 11260, -7885
610, -9842, -2394, -10427, 15571, 10241, -8504
620, -3481, -9781, -20584, 10946, 1291, -8331
630, -514, -9844, -18413, 7088, -1791, -7621
640, 5930, -9768, -12827, 2654, -4932, -7039
650, 9926, -10749, -7565, -1229, -8596, -8611
660, 8670, -14062, -3159, -2365, -10473, -14457
670, 8204, -16392, -2799, 474, -8926, -15601
680, 11539, -21075, -3220, 5835, -2321, -14031
690, 12139, -21312, -3384, 6482, 1351, -12375
700, 9381, -20074, -5177, 5778, 3482, -11186
710, 2121, -19544, -8469, 1087, -415, -6765
720, 4183, -19400, -8742, -76, -5405, -3119
730, 7163, -18795, -8312, 1023, -9857, -1367
740, 8595, -18591, -7274, 2466, -11722, -1894
750, 9742, -17123, -404, 1725, -9084, -4148
760, 9207, -17438, 3422, 1108, -6097, -5274
770, 8338, -16311, 5927, 1054, -2357, -6055
780, 6604, -13660, 5125, 787, 2166, -6673
790, 5782, -14000, 2231, -138, 1753, -6057
800, 6241, -15301, -846, -1020, 245, -4355
810, 12722, -18070, -4189, -322, -3101, -252
820, 15903, -17799, -4379, 118, -2625, 146
830, 17725, -16600, -3861, -433, -1480, -811
840, 15657, -14977, -2912, -1773, -530, -2904
850, 10118, -14506, -2402, -3358, 1290, -4849
860, 9088, -13300, -2030, -3445, 1522, -4001
870, 8465, -12801, -2680, -2832, 1558, -3273
880, 6888, -13092, -5793, -873, 254, -2105
890, 5979, -13558, -6926, -203, -838, -1227
900, 5821, -13915, -7190, 91, -1635, -163
910, 7744, -13872, -4345, -392, -2316, 1838
920, 8828, -13304, -2731, -351, -2306, 2412
930, 10876, -12398, -445, 545, -1065, 2556
940, 11788, -12728, -252, 1177, 488, 2278
950, 12907, -12582, -770, 1704, 2414, 1929
960, 12146, -12278, -2015, 1873, 4072, 1073
970, 8699, -12315, -5072, 774, 5510, -199
980, 7360, -13420, -5925, -34, 4471, 35
990, 6675, -14532, -6066, -411, 2944, 916
timestamp, ax, ay, az, gx, gy, gz
0, -376, 739, 16780, 361, -450, -327
10, -318, 670, 17052, 287, -407, -315
20, -336, 693, 16957, 362, -436, -323
30, -348, 724, 16843, 413, -495, -354
40, -303, 724, 16842, 368, -491, -347
50, -323, 705, 16969, 330, -445, -323
60, -317, 698, 17019, 328, -459, -339
70, -323, 731, 16919, 401, -505, -352
80, -349, 751, 16794, 413, -478, -341
90, -369, 703, 16957, 350, -438, -334
100, -400, 693, 16972, 322, -439, -337
110, -365, 714, 16913, 359, -486, -336
120, -347, 725, 16814, 383, -514, -340
130, -287, 679, 16966, 353, -464, -320
140, -266, 676, 17038, 327, -466, -347
150, -349, 711, 16938, 301, -407, -313
160, -356, 704, 16925, 400, -491, -345
170, -369, 733, 16831, 397, -480, -333
180, -368, 748, 16812, 377, -467, -332
190, -348, 721, 16933, 312, -443, -332
200, -330, 708, 16936, 355, -458, -342
210, -323, 727, 16886, 400, -505, -360
220, -330, 716, 16842, 370, -468, -336
230, -302, 715, 16920, 313, -430, -322
240, -291, 674, 16958, 350, -457, -334
250, -334, 714, 16869, 409, -471, -349
260, -349, 732, 16847, 376, -473, -339
270, -350, 726, 16895, 350, -446, -340
280, -362, 739, 16918, 359, -468, -348
290, -366, 739, 16897, 358, -464, -338
300, -344, 745, 16869, 377, -461, -328
310, -309, 737, 16910, 351, -471, -323
320, -275, 710, 16944, 337, -448, -311
330, -308, 715, 16921, 366, -473, -344
340, -310, 718, 16883, 365, -460, -351
350, -332, 694, 16893, 348, -453, -345
360, -360, 680, 16927, 362, -448, -353
370, -372, 714, 16915, 382, -460, -344
380, -361, 730, 16891, 369, -469, -334
390, -337, 740, 16896, 363, -456, -327
400, -333, 744, 16945, 348, -462, -318
410, -322, 732, 16912, 361, -475, -334
420, -297, 743, 16908, 368, -482, -332
430, -301, 727, 16871, 329, -431, -331
440, -329, 701, 16929, 335, -421, -343
450, -354, 669, 16968, 312, -436, -348
460, -338, 690, 16869, 362, -467, -342
470, -355, 719, 16863, 389, -474, -347
480, -366, 711, 16899, 344, -457, -337
490, -368, 713, 16934, 337, -458, -333
500, -342, 743, 16872, 360, -471, -343
510, -341, 751, 16855, 378, -478, -345
520, -293, 745, 16891, 336, -452, -334
530, -297, 719, 16963, 335, -448, -342
540, -335, 693, 16890, 349, -457, -351
550, -374, 706, 16883, 358, -476, -368
